{
    "high scores": {
        "classic": [
            198516,
            108148,
            206
        ],
        "fourty lines": [
            94.24700164794922,
            95.94422912597656,
            97.50880432128906,
            98.80426788330078,
            99.65257263183594,
            100.71928405761719,
            108.54364013671875,
            109.20366668701172,
            112.24556732177734,
            112.65263366699219,
            116.40557098388672,
            118.45457458496094,
            122.46991729736328,
            154.2456512451172
        ]
    },
    "settings": {
        "hotkeys": {
            "HARD DROP": 32,
            "MAIN MENU": 77,
            "MOVE LEFT": 263,
            "MOVE RIGHT": 262,
            "OPEN SETTINGS": 96,
            "PAUSE": 80,
            "RESTART": 82,
            "ROTATE 180": 65,
            "ROTATE L": 90,
            "ROTATE R": 265,
            "SOFT DROP": 264,
            "SWAP": 67
        }
    }
}